Name,Post Count
Freighter,210
Slice,180
Tater,128
Paneer,140
Blade,105
Retina,91
Canuck,82
Carnival,76
Huckleberry,77
Samwise,81
PrinceSS,69
Arson,67
Grout,66
Mantle,56
Lilo,54
Watts,62
Repo,46
Gas Man,61
Daft,53
Bumpher,59
Zit,47
Trauma,37
Hooch,51
Rocketman,49
Gopher,32
Stinger,40
Halitosis,33
Flea Fly,30
Bruno,47
Focker,35
Metamucil,24
Doppler,26
Donatello,39
Longhorn,22
Boogeyman,23
Wooderson,36
Squid,24
Old Spice,20
Red Elephant,22
Ramsay,21
Sand Trap,23
Punk,19
Big Sky,16
Lawsuit,15
Mijo,12
Cycle Bar,12
Maraca,12
Chubbs,23
Sriracha,10
Chunks,10
Scalp,11
Hightower,10
Shameless,9
Crunch,10
Yankee,9
Classified,8
Kenny G,7
Gandhi,7
Gavel,7
Norsk,7
Ragged T'Ann,7
Norsk,7
Puck,6
Bandsaw,6
Spud,6
Fireball,5
Alien,5
Royce,5
Bullseye,5
Scrappy,5
Rabbit,5
Quid,5
Yardstick,16
Bacon,7
EPA,5
Slater,4
Slug Bug,4
Laettner,4
Cochran,3
Cricket,3
Doughboy,3
Picabo,3
Geico,3
Filter,3
Barbie,3
Tbone,4
Jack Hammer,4
Revere,4
Kingpin (DR),3
Couch Potato,2
Llama (DR),2
Pastel,2
Peloton,2
Hollywood (DR),2
Road Rash,2
Beans,2
Boo Boo,2
Westside,2
Markymark (DR),2
Boo Boo,2
Sun Devil,2
Popeye (DR),1
Stallion,1
Hostage,1
Runt,1
Casper,1
Paddle,1
Sal,1
Ahi,1
Depends (DR),1
Tweeter,1
LOL (DR),1
Hombre (DR),1
Earhart,1
Hubble,1
Tinkle,1
Beach Bum (DR),1
Sockeye,1
Pigeon,5
Picasso,1
Lemon (DR),1
Judge,1
Sideline,1
Scat,1
Screech,1
Trailer Park (DR),1
Belding,1
Bambino (DR),1
Horry (DR),1
Flash,1
Joanna,1
Roblox (DR),1
Pele,2
Goat,1
XBox,1
Ditch Witch,1
Murse,2
Insider,1
Gadget,1
Flatbed,1
Seagal,3
Sawdust (DR),1
Pigskin,1
Cubed,1
Handy Manny,1
Stitches,3
Stewie,1
Chlorine,2
Seeker,2
Cheapskate,2
Wax Off,1
Shrink,1
Fabulous,1
Pele,2
Juice,1
Scrooge,3
Silo,1
Bruin,1
Wizard,1
Hacksaw,3
Chitty Chitty,2
Chas,0
Pool Boy,3
Harry,1
Rocky,2
Papa,2
88,1
Smelt,1
Gumby,3
Cortana,2
Carmen SanDiego,1
Vin Diesel,1
Tacklebox,2
Clooney,1
Piggy Bank,1
E.M.P.,1
Backslash,1
Fanny Pack,1
Tugboat,1
Fairweather,1
Kremlin,6
Puff,2
Rudy,8
Flo,6
Chlorine,2
Icy Hot,1
Copycat,2
Kilo,1
Bypass,2
Stonecold,4
Peta,1
Pigeon,5
Napoleon,4
Escobar,1
Scum Devil,2
Gronk,1
Red Ryder,1
Defrost,2
Cheeks,2
Cuckoo,1
Sweatshop,1
