Name,Q Count
Tater,33
Slice,32
Freighter,20
PrinceSS,16
Paneer,15
Retina,14
Huckleberry,9
Samwise,10
Lilo,10
Blade,10
Mantle,7
Arson,7
Zit,11
Canuck,5
Daft,4
Carnival,4
Grout,3
Repo,3
BumpHer,4
Trauma,3
Gopher,3
Watts,4
Flea Fly,4
Halitosis,4
Metamucil,3
Crunch,4
Focker,6
Old Spice,2
Longhorn,1
MarkyMark (DR),1
LOL (DR),1
Red Elephant,1
Rabbit,1
Squid,1
Big Sky,1
Stinger,1
Boogeyman,0
Wax Off,1
Doppler,1
Hooch,3
Wooderson,5
Gas Man,5
Sand Trap,2
Fanny Pack,1
Stitches,1
Chubbs,1
